TAHUN_DIBUAT,NAMA_MODEL_YANG_SEBENAR,COUNT_NAMA_MODEL_YANG_SEBENAR
2010,2,1685
2011,2,1824
2012,2,1442
2014,2,179
2015,2,4362
2016,2,2320
2017,2,1640
2018,2,915
2019,2,979
2020,2,236
2021,2,218
2022,2,267
2023,2,29
2006,3,210
2007,3,72
2009,3,481
2010,3,1013
2011,3,1680
2012,3,2327
2013,3,636
2014,3,1619
2015,3,2315
2016,3,2247
2017,3,744
2018,3,946
2019,3,885
2020,3,660
2021,3,1046
2022,3,306
2023,3,1289
2006,5,254
2007,5,58
2008,5,158
2011,5,385
2012,5,350
2013,5,45
2014,5,111
2015,5,41
2016,5,21
2017,5,1
2018,5,1
2004,6,133
2005,6,55
2007,6,29
2008,6,180
2010,6,478
2011,6,385
2012,6,259
2013,6,1631
2014,6,777
2016,6,155
2017,6,84
2018,6,82
2019,6,150
2020,6,9
2021,6,59
2022,6,143
2023,6,55
2010,8,143
2011,8,412
2012,8,383
2013,8,165
2014,8,83
2015,8,25
2012,86,298
2013,86,193
2014,86,216
2015,86,186
2016,86,145
2017,86,340
2018,86,195
2019,86,125
2020,86,34
2021,86,3
2002,147,26
1993,155,4
2010,159,1
1983,200,269
1984,200,141
2006,206,7
2010,207,46
2011,207,1098
2012,207,1287
2013,207,123
2013,208,1517
2014,208,1913
2015,208,582
2016,208,184
1996,306,111
2011,308,1365
2012,308,863
2013,308,400
2014,308,109
2015,308,304
2016,308,242
2017,308,59
1994,323,226
2001,360,6
2002,360,6
2003,360,9
2006,407,34
2009,407,376
2010,407,421
2011,407,189
2012,408,742
2013,408,1248
2014,408,959
2015,408,193
2016,408,744
2017,408,79
2008,500,10
2011,500,1
2011,508,140
2012,508,790
2013,508,923
2014,508,474
2015,508,194
2016,718,75
2017,718,280
2018,718,323
2019,718,143
2020,718,38
2021,718,13
2022,718,3
2023,718,5
1990,740,52
1997,850,105
1995,911,68
1996,911,19
2001,911,15
2002,911,9
2003,911,22
2005,911,43
2006,911,88
2007,911,124
2008,911,97
2009,911,71
2010,911,53
2011,911,31
2012,911,167
2013,911,96
2014,911,70
2015,911,58
2016,911,123
2017,911,107
2018,911,111
2019,911,207
2020,911,99
2021,911,50
2022,911,37
2023,911,24
1991,940,48
1984,944,5
2014,2008,403
2015,2008,114
2016,2008,197
2022,2008,764
2023,2008,192
2011,3008,577
2012,3008,582
2013,3008,489
2014,3008,371
2015,3008,158
2016,3008,98
2017,3008,229
2018,3008,1069
2019,3008,739
2020,3008,492
2021,3008,543
2022,3008,855
2023,3008,343
2011,5008,379
2018,5008,191
2019,5008,208
2020,5008,333
2021,5008,223
2022,5008,147
2013,116I,86
2014,116I,143
2006,118I,28
2008,118I,26
2009,118I,19
2010,118I,23
2013,118I,69
2014,118I,267
2015,118I,65
2016,118I,452
2017,118I,284
2018,118I,201
2019,118I,1
2015,120I,128
2016,120I,192
1988,190E,114
1995,190E,1
2015,218I,263
2016,218I,184
2017,218I,1
2020,218I,444
2021,218I,1151
2022,218I,1054
2023,218I,397
2015,220I,177
2016,220I,2
2017,220I,1
1988,230E,559
1989,230E,741
1990,230E,844
1991,250D,5
1991,260E,270
1974,280S,10
1979,280ZX,6
1994,290GD,2
1989,300CE,23
1992,300SL,21
2013,316I,622
2014,316I,980
2015,316I,717
2004,318CI,13
1991,318I,151
1997,318I,288
1999,318I,294
2001,318I,486
2002,318I,545
2003,318I,525
2004,318I,520
2005,318I,122
2015,318I,161
2016,318I,922
2017,318I,845
2018,318I,963
2019,318I,536
2009,320D,79
2010,320D,151
2012,320D,582
2013,320D,195
2014,320D,227
2015,320D,170
2016,320D,35
1987,320I,26
2000,320I,139
2003,320I,70
2004,320I,24
2005,320I,657
2006,320I,695
2007,320I,999
2008,320I,731
2009,320I,859
2010,320I,737
2011,320I,982
2012,320I,772
2013,320I,1516
2014,320I,1738
2015,320I,1624
2016,320I,1224
2017,320I,8
2018,320I,3
2019,320I,29
2020,320I,1372
2021,320I,984
2022,320I,789
2023,320I,775
1999,323I,36
2009,323I,387
2010,323I,508
2011,323I,319
2012,323I,120
1994,325I,138
2001,325I,114
2003,325I,153
2005,325I,276
2006,325I,354
2007,325I,464
2008,325I,293
2010,325I,332
2011,325I,175
2012,325I,58
1999,328CI,4
2012,328I,1140
2013,328I,980
2014,328I,753
2015,328I,434
2016,328I,90
2000,330CI,17
2004,330CI,11
2016,330E,675
2017,330E,1912
2018,330E,1914
2019,330E,736
2020,330E,123
2021,330E,29
2022,330E,213
2023,330E,110
2007,330I,15
2015,330I,103
2016,330I,205
2019,330I,905
2020,330I,624
2021,330I,764
2022,330I,536
2023,330I,366
2021,330LI,123
2022,330LI,269
2023,330LI,106
2008,335I,71
2010,335I,16
2011,335I,1
2012,335I,24
2014,335I,2
2003,350Z,1
2011,370Z,7
2014,420I,88
2015,420I,60
2016,420I,46
2017,420I,27
2018,420I,14
2021,420I,2
2013,428I,86
2014,428I,163
2015,428I,106
2016,430I,53
2017,430I,17
2018,430I,12
2019,430I,2
2020,430I,2
2021,430I,44
2022,430I,31
2023,430I,16
2016,4C,1
2007,520D,4
2011,520D,377
2012,520D,319
2013,520D,332
2014,520D,147
2016,520D,37
2002,520I,65
2003,520I,183
2004,520I,414
2005,520I,303
2006,520I,10
2012,520I,1092
2013,520I,758
2014,520I,567
2015,520I,473
2016,520I,630
2017,520I,129
2019,520I,285
2020,520I,93
2018,523D,11
1997,523I,156
2005,523I,285
2006,523I,544
2007,523I,628
2008,523I,549
2009,523I,319
2010,523I,1052
2011,523I,1622
2012,523I,134
2018,523I,11
2001,525I,87
2002,525I,101
2003,525I,172
2004,525I,920
2005,525I,1099
2006,525I,994
2007,525I,681
2008,525I,603
2010,525I,155
2010,528I,203
2011,528I,574
2012,528I,842
2013,528I,810
2014,528I,774
2015,528I,596
2016,528I,337
2018,530E,1498
2019,530E,968
2020,530E,244
2021,530E,144
2022,530E,364
2023,530E,117
2005,530I,181
2007,530I,158
2008,530I,149
2009,530I,42
2017,530I,1209
2018,530I,533
2019,530I,1092
2020,530I,273
2021,530I,257
2022,530I,512
2023,530I,228
2010,535I,287
2011,535I,119
2012,535I,46
2018,540I,5
2005,545I,2
2010,550I,3
2018,570GT,3
2016,570S,9
2017,570S,8
2018,570S,14
2019,570S,2
2019,600LT,17
2005,630I,97
2006,630I,106
2007,630I,69
2009,630I,5
2010,630I,2
2019,630I,217
2020,630I,54
2021,630I,44
2022,630I,56
2023,630I,14
2011,640I,27
2012,640I,70
2013,640I,43
2005,645CI,34
2014,650S,9
2016,675LT,3
2017,720S,11
2018,720S,27
2019,720S,6
2020,720S,1
2021,720S,4
1997,728I,44
2009,730LD,25
2010,730LD,8
2011,730LD,8
2004,730LI,92
2006,730LI,52
2007,730LI,54
2008,730LI,24
2010,730LI,133
2011,730LI,121
2012,730LI,64
2013,730LI,63
2014,730LI,60
2015,730LI,63
2016,730LI,311
2017,730LI,1
2009,740I,17
2012,740I,8
2018,740LE,6
2019,740LE,206
2020,740LE,117
2021,740LE,98
2022,740LE,129
2009,740LI,90
2011,740LI,30
2012,740LI,22
2014,740LI,14
2015,740LI,13
2016,740LI,88
2023,750E,16
2009,750I,11
2009,750LI,3
2012,750LI,2
2010,760LI,5
2021,765LT,6
2019,840I,13
2020,840I,32
2021,840I,4
2011,A1,56
2013,A1,25
2013,A180,781
2014,A180,849
2015,A180,633
2016,A180,591
2017,A180,538
2018,A180,597
2019,A180,421
2020,A180,159
2021,A180,16
2013,A200,271
2014,A200,333
2015,A200,325
2016,A200,163
2017,A200,388
2018,A200,426
2019,A200,343
2020,A200,3
2021,A200,1
2019,A220,5
2013,A250,587
2014,A250,978
2015,A250,576
2016,A250,178
2017,A250,191
2018,A250,284
2019,A250,112
2020,A250,88
2021,A250,1
2014,A3,240
2015,A3,314
2016,A3,200
2023,A3,5
2003,A4,32
2004,A4,104
2006,A4,120
2008,A4,201
2009,A4,361
2010,A4,427
2011,A4,427
2012,A4,471
2013,A4,380
2014,A4,428
2015,A4,273
2016,A4,286
2017,A4,158
2018,A4,3
2019,A4,18
2008,A5,73
2009,A5,312
2010,A5,527
2011,A5,293
2012,A5,294
2013,A5,230
2014,A5,107
2015,A5,44
2016,A5,13
2018,A5,20
2019,A5,60
2020,A5,8
2023,A5,7
2005,A6,68
2011,A6,89
2012,A6,153
2013,A6,1434
2014,A6,120
2015,A6,128
2018,A6,1
2019,A6,1
2010,A7,33
2011,A7,106
2012,A7,41
2013,A7,47
2014,A7,13
2018,A7,11
2019,A7,11
2020,A7,7
2021,A7,2
2022,A7,1
2012,A8,12
2013,A8,7
2014,A8,3
2015,A8,4
2018,A8,4
2019,A8,3
2021,A8,1
2013,A8L,26
2004,ACCENT,3344
2006,ACCENT,981
2008,ACCENT,612
2009,ACCENT,472
2011,ACCENT,308
1981,ACCORD,130
1987,ACCORD,360
1991,ACCORD,2915
1993,ACCORD,2577
1994,ACCORD,3310
1995,ACCORD,2976
1997,ACCORD,2428
1998,ACCORD,532
2000,ACCORD,1288
2001,ACCORD,977
2002,ACCORD,665
2003,ACCORD,1248
2004,ACCORD,4637
2005,ACCORD,5755
2006,ACCORD,3706
2007,ACCORD,2122
2008,ACCORD,6472
2009,ACCORD,4935
2010,ACCORD,6371
2011,ACCORD,3862
2012,ACCORD,2956
2013,ACCORD,3855
2014,ACCORD,10043
2015,ACCORD,5861
2016,ACCORD,4016
2017,ACCORD,3391
2018,ACCORD,1864
2019,ACCORD,325
2020,ACCORD,874
2021,ACCORD,591
2022,ACCORD,634
2023,ACCORD,361
2011,ACTYON,45
2003,AIRTREK,415
2004,AIRTREK,140
2012,ALMERA,6323
2013,ALMERA,26769
2014,ALMERA,23084
2015,ALMERA,20584
2016,ALMERA,15312
2017,ALMERA,8075
2018,ALMERA,5790
2019,ALMERA,5002
2020,ALMERA,2707
2021,ALMERA,4200
2022,ALMERA,3273
2023,ALMERA,1344
2002,ALPHARD,993
2003,ALPHARD,2465
2004,ALPHARD,2502
2005,ALPHARD,3304
2006,ALPHARD,2245
2007,ALPHARD,1362
2008,ALPHARD,1917
2009,ALPHARD,1002
2010,ALPHARD,1102
2011,ALPHARD,700
2012,ALPHARD,1230
2013,ALPHARD,963
2014,ALPHARD,919
2015,ALPHARD,3718
2016,ALPHARD,3515
2017,ALPHARD,3708
2018,ALPHARD,6583
2019,ALPHARD,6330
2020,ALPHARD,6099
2021,ALPHARD,3228
2022,ALPHARD,426
2010,ALTO,729
2011,ALTO,1200
2013,ALTO,318
2009,ALZA,2912
2010,ALZA,38635
2011,ALZA,34340
2012,ALZA,38389
2013,ALZA,42161
2014,ALZA,53748
2015,ALZA,37118
2016,ALZA,32177
2017,ALZA,26837
2018,ALZA,22187
2019,ALZA,14420
2020,ALZA,14244
2021,ALZA,14228
2022,ALZA,23438
2023,ALZA,26227
2005,APV,307
2003,ARENA,1581
2005,ARENA,161
2006,ARENA,219
2007,ARENA,96
2010,ARENA,197
2020,ARTEON,150
2021,ARTEON,244
2022,ARTEON,357
2023,ARTEON,171
2019,ARUZ,28384
2020,ARUZ,21592
2021,ARUZ,14688
2022,ARUZ,18956
2023,ARUZ,12932
2010,ASX,620
2011,ASX,710
2012,ASX,808
2013,ASX,311
2014,ASX,3165
2015,ASX,2260
2016,ASX,2378
2017,ASX,766
2018,ASX,448
2019,ASX,277
2020,ASX,141
2021,ATIVA,25857
2022,ATIVA,32644
2023,ATIVA,25665
2003,ATOS,6605
2004,ATOS,6446
2005,ATOS,10952
2006,ATOS,2586
2010,ATOS,404
2013,ATTRAGE,2232
2014,ATTRAGE,1000
2015,ATTRAGE,576
2016,ATTRAGE,458
2004,AVANZA,5575
2005,AVANZA,32975
2006,AVANZA,23833
2007,AVANZA,19258
2008,AVANZA,17952
2009,AVANZA,9846
2010,AVANZA,6766
2011,AVANZA,6217
2012,AVANZA,8723
2013,AVANZA,6023
2014,AVANZA,4341
2015,AVANZA,4333
2016,AVANZA,1995
2017,AVANZA,2044
2018,AVANZA,2275
2019,AVANZA,1557
2020,AVANZA,929
2021,AVANZA,1064
2012,AVENTADOR,22
2013,AVENTADOR,25
2014,AVENTADOR,11
2016,AVENTADOR,5
2017,AVENTADOR,18
2018,AVENTADOR,12
2019,AVENTADOR,28
2020,AVENTADOR,12
2021,AVENTADOR,1
2022,AVENTADOR,5
2003,AVEO,963
2004,AVEO,1796
2005,AVEO,1422
2003,AXELA,2
2004,AXELA,7
2014,AXIA,27637
2015,AXIA,94439
2016,AXIA,81436
2017,AXIA,62102
2018,AXIA,66324
2019,AXIA,63459
2020,AXIA,57263
2021,AXIA,41605
2022,AXIA,57343
2023,AXIA,51211
2006,B170,305
2008,B170,316
2009,B180,171
2010,B180,312
2011,B180,646
2016,B180,4
2017,B180,8
2018,B180,2
2019,B180,6
2013,B200,1
2014,B200,26
2015,B200,114
1996,B2200,26
2006,BB,5
2009,BB,5
1965,BEETLE,2
1968,BEETLE,2
1999,BEETLE,27
2000,BEETLE,69
2002,BEETLE,33
2007,BEETLE,97
2008,BEETLE,105
2009,BEETLE,65
2010,BEETLE,11
2011,BEETLE,1
2012,BEETLE,688
2013,BEETLE,2151
2014,BEETLE,1157
2015,BEETLE,287
2016,BEETLE,40
2017,BEETLE,263
2018,BEETLE,511
2019,BEETLE,4
2016,BENTAYGA,23
2017,BENTAYGA,12
2018,BENTAYGA,15
2019,BENTAYGA,5
2020,BENTAYGA,13
2021,BENTAYGA,20
2023,BENTAYGA,5
2016,BEZZA,34468
2017,BEZZA,49514
2018,BEZZA,46299
2019,BEZZA,41911
2020,BEZZA,54864
2021,BEZZA,41756
2022,BEZZA,67552
2023,BEZZA,65805
2014,BIANTE,1359
2016,BIANTE,146
2017,BIANTE,133
1997,BOXSTER,28
2005,BOXSTER,26
2008,BOXSTER,16
2010,BOXSTER,17
2012,BOXSTER,43
2013,BOXSTER,27
2014,BOXSTER,10
2015,BOXSTER,9
2008,BROOKLANDS,1
2017,BR-V,16668
2018,BR-V,10631
2019,BR-V,7104
2020,BR-V,3460
2021,BR-V,3744
2022,BR-V,2355
2012,BRZ,23
2013,BRZ,67
2014,BRZ,45
2016,BRZ,38
2017,BRZ,74
2019,BRZ,16
2020,BRZ,6
2021,BRZ,9
2022,BRZ,33
2023,BRZ,27
1993,C,2
1996,C180,117
2008,C180,713
2010,C180,666
2011,C180,500
2012,C180,420
2013,C180,255
2014,C180,332
2015,C180,330
2016,C180,275
2017,C180,352
2018,C180,423
2019,C180,98
2020,C180,7
2002,C180K,16
2003,C180K,62
2007,C180K,91
2008,C180K,293
2009,C180K,78
2002,C180-W203,407
1994,C200,75
1997,C200,284
1998,C200,66
2000,C200,431
2001,C200,475
2008,C200,330
2010,C200,1173
2011,C200,1701
2012,C200,1580
2013,C200,1508
2014,C200,1128
2015,C200,678
2016,C200,662
2017,C200,434
2018,C200,1263
2019,C200,2193
2020,C200,16
2021,C200,2
2001,C200K,636
2002,C200K,376
2003,C200K,407
2004,C200K,142
2005,C200K,75
2006,C200K,137
2007,C200K,134
2008,C200K,181
2009,C200K,111
2010,C200K,26
2011,C200K,15
1994,C220,194
1995,C220,103
1996,C220,189
2006,C230,6
2008,C230,4
2009,C230,1
2004,C230K,19
2005,C230K,32
2000,C240,67
2001,C240,98
2010,C250,462
2011,C250,756
2014,C250,12
2015,C250,65
2016,C250,74
2017,C250,67
2018,C250,30
2015,C300,2
2016,C300,83
2017,C300,54
2018,C300,482
2019,C300,851
2000,C320,1
2012,C4,34
2010,C5,22
2002,CALDINA,500
2003,CALDINA,814
2004,CALDINA,689
2005,CALDINA,569
2006,CALDINA,261
2007,CALDINA,113
2011,CALIFORNIA,4
2015,CALIFORNIA,12
2011,CAMARO,2
2014,CAMARO,3
2016,CAMARO,1
1994,CAMRY,755
1996,CAMRY,1694
1997,CAMRY,1531
1998,CAMRY,501
1999,CAMRY,1771
2000,CAMRY,2027
2001,CAMRY,1018
2002,CAMRY,3183
2003,CAMRY,4939
2004,CAMRY,5159
2005,CAMRY,5027
2006,CAMRY,3939
2007,CAMRY,9243
2008,CAMRY,10245
2009,CAMRY,7998
2010,CAMRY,9725
2011,CAMRY,6467
2012,CAMRY,8438
2013,CAMRY,4630
2014,CAMRY,4691
2015,CAMRY,5924
2016,CAMRY,3095
2017,CAMRY,2431
2018,CAMRY,1536
2019,CAMRY,1238
2020,CAMRY,385
2021,CAMRY,532
2022,CAMRY,364
2023,CAMRY,1290
2008,CAPTIVA,287
2011,CAPTIVA,160
2012,CAPTIVA,254
2013,CAPTIVA,49
2014,CAPTIVA,2
2015,CAPTUR,48
2016,CAPTUR,323
2017,CAPTUR,215
2018,CAPTUR,651
2019,CAPTUR,698
1999,CARNIVAL,59
2017,CARNIVAL,508
2018,CARNIVAL,629
2019,CARNIVAL,697
2021,CARNIVAL,87
2022,CARNIVAL,1867
2023,CARNIVAL,572
2004,CAYENNE,136
2005,CAYENNE,211
2006,CAYENNE,151
2007,CAYENNE,348
2008,CAYENNE,345
2009,CAYENNE,69
2010,CAYENNE,198
2011,CAYENNE,402
2012,CAYENNE,296
2013,CAYENNE,158
2014,CAYENNE,102
2015,CAYENNE,126
2016,CAYENNE,54
2018,CAYENNE,112
2019,CAYENNE,152
2020,CAYENNE,50
2021,CAYENNE,202
2022,CAYENNE,390
2023,CAYENNE,329
2006,CAYMAN,134
2007,CAYMAN,139
2008,CAYMAN,101
2009,CAYMAN,94
2010,CAYMAN,65
2011,CAYMAN,69
2013,CAYMAN,125
2014,CAYMAN,121
2015,CAYMAN,62
2016,CAYMAN,59
2018,CAYMAN,18
2012,CC,720
2013,CC,478
2014,CC,135
1991,CEFIRO,209
1997,CEFIRO,972
1999,CEFIRO,574
2000,CEFIRO,865
2001,CEFIRO,659
2002,CEFIRO,1072
2003,CEFIRO,458
2004,CEFIRO,244
2005,CEFIRO,228
2007,CEFIRO,103
2000,CELICA,212
2001,CELICA,116
2002,CELICA,55
2003,CELICA,17
2013,CERATO,1669
2014,CERATO,3882
2015,CERATO,1841
2016,CERATO,903
2017,CERATO,832
2018,CERATO,1217
2019,CERATO,513
2020,CERATO,172
2016,CHALLENGER,2
2020,CHALLENGER,1
2021,CHALLENGER,1
2015,CHEROKEE,3
2018,CH-R,8
2017,C-HR,152
2018,C-HR,3909
2019,C-HR,2034
2020,C-HR,309
2021,C-HR,7
2005,CITRA,7819
2006,CITRA,14329
2007,CITRA,6473
2008,CITRA,4315
2009,CITRA,4431
2010,CITRA,1737
2011,CITRA,2042
2012,CITRA,375
1996,CITY,718
1997,CITY,3672
1998,CITY,797
2000,CITY,1313
2001,CITY,606
2003,CITY,7932
2004,CITY,7368
2005,CITY,10026
2006,CITY,9959
2007,CITY,8261
2008,CITY,8684
2009,CITY,18201
2010,CITY,18673
2011,CITY,9760
2012,CITY,12976
2013,CITY,16514
2014,CITY,34273
2015,CITY,36099
2016,CITY,28093
2017,CITY,29441
2018,CITY,33471
2019,CITY,33009
2020,CITY,16716
2021,CITY,18114
2022,CITY,43476
2023,CITY,20846
1991,CIVIC,3072
1992,CIVIC,4149
1993,CIVIC,2916
1994,CIVIC,3631
1995,CIVIC,3967
1996,CIVIC,8672
1997,CIVIC,6571
1998,CIVIC,1324
1999,CIVIC,1293
2000,CIVIC,677
2001,CIVIC,1824
2002,CIVIC,1046
2003,CIVIC,1868
2004,CIVIC,2178
2005,CIVIC,2397
2006,CIVIC,6890
2007,CIVIC,8363
2008,CIVIC,8124
2009,CIVIC,6810
2010,CIVIC,8356
2011,CIVIC,5683
2012,CIVIC,7450
2013,CIVIC,10290
2014,CIVIC,4207
2015,CIVIC,3751
2016,CIVIC,10867
2017,CIVIC,13414
2018,CIVIC,16024
2019,CIVIC,6169
2020,CIVIC,10239
2021,CIVIC,6290
2022,CIVIC,9503
2023,CIVIC,5825
2007,CL500,7
2010,CL500,3
2013,CLA180,107
2014,CLA180,221
2015,CLA180,405
2016,CLA180,404
2017,CLA180,471
2018,CLA180,380
2019,CLA180,101
2020,CLA180,37
2021,CLA180,8
2022,CLA180,1
2016,CLA200,152
2017,CLA200,388
2018,CLA200,247
2019,CLA200,54
2020,CLA200,43
2021,CLA200,1
2018,CLA220,13
2019,CLA220,45
2013,CLA250,132
2014,CLA250,177
2015,CLA250,179
2016,CLA250,114
2017,CLA250,63
2018,CLA250,20
2019,CLA250,83
2020,CLA250,52
2021,CLA250,12
2022,CLA250,2
2008,CLC180K,5
2014,CLIO,69
2015,CLIO,16
2016,CLIO,17
2004,CLK200K,33
2007,CLK200K,30
1998,CLK230K,1
2000,CLK230K,10
2003,CLK240,100
2000,CLK320,1
2009,CLS,3
2005,CLS350,228
2006,CLS350,277
2007,CLS350,135
2008,CLS350,24
2009,CLS350,5
2011,CLS350,102
2012,CLS350,51
2013,CLS350,21
2014,CLS350,7
2019,CLS350,5
2020,CLS350,1
2021,CLS350,1
2015,CLS400,15
2018,CLS450,13
2019,CLS450,11
2008,CLUBMAN,3
2016,CLUBMAN,31
2017,CLUBMAN,55
2018,CLUBMAN,34
2019,CLUBMAN,13
2020,CLUBMAN,7
2021,CLUBMAN,2
2013,COLORADO,935
2014,COLORADO,291
2015,COLORADO,210
2017,COLORADO,146
2004,COLT,20
2005,COLT,116
2007,COLT,2
2005,CONTINENTAL,32
2006,CONTINENTAL,66
2007,CONTINENTAL,43
2008,CONTINENTAL,41
2009,CONTINENTAL,17
2010,CONTINENTAL,40
2011,CONTINENTAL,33
2002,COOPER,153
2003,COOPER,223
2004,COOPER,252
2005,COOPER,487
2006,COOPER,332
2007,COOPER,533
2008,COOPER,428
2009,COOPER,290
2010,COOPER,357
2011,COOPER,648
2012,COOPER,647
2013,COOPER,671
2014,COOPER,783
2017,COOPER,1044
2021,COPEN,2
1983,COROLLA,2696
1989,COROLLA,1773
1990,COROLLA,2898
1991,COROLLA,3130
1992,COROLLA,4902
1993,COROLLA,3749
1994,COROLLA,4456
1995,COROLLA,4650
1996,COROLLA,5415
1997,COROLLA,4467
1998,COROLLA,800
1999,COROLLA,1899
2000,COROLLA,1762
1992,CORONA,247
1982,CORVETTE,2
2015,CORVETTE,1
2010,COUNTRYMAN,27
2011,COUNTRYMAN,118
2012,COUNTRYMAN,73
2013,COUNTRYMAN,54
2014,COUNTRYMAN,50
2015,COUNTRYMAN,24
2016,COUNTRYMAN,19
2017,COUNTRYMAN,41
2018,COUNTRYMAN,11
2019,COUNTRYMAN,12
2020,COUNTRYMAN,1
1994,CRESTA,2
2023,CRETA,4
2013,CROSSOVER,11
2017,CROSSOVER,12
2019,CROSSOVER,15
2020,CROSSOVER,1
2008,CROSSROAD,17
2002,CROWN,1
2013,CROWN,24
2018,CROWN,8
2019,CROWN,7
2021,CROWN,3
2010,CRUZE,491
2011,CRUZE,382
2012,CRUZE,450
2013,CRUZE,335
2014,CRUZE,35
2015,CRUZE,67
1996,CR-V,515
1997,CR-V,624
1998,CR-V,237
2000,CR-V,48
2001,CR-V,91
2002,CR-V,2228
2003,CR-V,2318
2004,CR-V,934
2005,CR-V,1801
2006,CR-V,987
2007,CR-V,4507
2008,CR-V,3676
2009,CR-V,2779
2010,CR-V,4847
2011,CR-V,3297
2012,CR-V,2499
2013,CR-V,7949
2014,CR-V,5291
2015,CR-V,7174
2016,CR-V,4721
2017,CR-V,7762
2018,CR-V,11912
2019,CR-V,10861
2020,CR-V,4819
2021,CR-V,6805
2022,CR-V,8792
2023,CR-V,6810
1990,CRX,28
1992,CRX,18
2011,CR-Z,91
2012,CR-Z,2597
2013,CR-Z,1635
2011,CT200H,1194
2012,CT200H,794
2013,CT200H,638
2016,CUBE,8
2017,CUBE,8
2018,CULLINAN,2
2019,CULLINAN,9
2020,CULLINAN,4
2022,CULLINAN,2
2022,CX-3,340
2023,CX-3,1466
2019,CX-30,155
2020,CX-30,1040
2021,CX-30,1073
2022,CX-30,1159
2023,CX-30,3599
2013,CX-5,1
2014,CX-5,1
2019,CX-5,2836
2020,CX-5,5000
2021,CX-5,5990
2022,CX-5,8034
2023,CX-5,4370
2006,CX-7,24
2007,CX-7,177
2008,CX-7,53
2009,CX-7,54
2010,CX-7,76
2011,CX-7,14
2012,CX-7,1
2019,CX-8,472
2020,CX-8,1344
2021,CX-8,1222
2022,CX-8,1696
2023,CX-8,1675
2008,CX-9,73
2009,CX-9,65
2010,CX-9,23
2011,CX-9,2
2018,CX-9,1
2021,CX-9,28
2023,CX-9,6
2016,DAWN,2
2017,DAWN,3
1995,DEFENDER,33
1996,DEFENDER,75
2000,DEFENDER,41
2009,DEFENDER,7
2010,DEFENDER,22
2011,DEFENDER,84
2012,DEFENDER,122
2014,DEFENDER,68
2015,DEFENDER,97
2016,DEFENDER,91
2019,DEFENDER,2
2020,DEFENDER,55
2021,DEFENDER,68
2022,DEFENDER,17
2023,DEFENDER,2
1991,DELICA,326
1991,DELTA,1
2017,DISCOVERY,7
2019,DISCOVERY,18
2008,D-MAX,2
2009,D-MAX,2
2010,D-MAX,3
2014,DS3,84
2015,DS3,35
2016,DS3,9
2013,DS5,3
2018,DS5,34
1991,DYNA,1
1997,DYNA,8
1995,E200,130
1996,E200,627
2000,E200,545
2004,E200,122
2008,E200,67
2009,E200,127
2013,E200,838
2014,E200,638
2015,E200,103
2016,E200,1179
2017,E200,273
2018,E200,224
2019,E200,90
2020,E200,6
2021,E200,1
2022,E200,1
2000,E200K,142
2001,E200K,262
2003,E200K,370
2004,E200K,275
2005,E200K,253
2006,E200K,138
2007,E200K,119
2008,E200K,81
2009,E200K,49
1990,E220,2
1996,E230,1312
1997,E230,1128
1998,E230,107
2008,E230,3
2009,E230,1
1998,E240,842
1999,E240,768
2000,E240,1073
2002,E240,531
2003,E240,898
2004,E240,669
2005,E240,517
2010,E250,1718
2011,E250,2113
2012,E250,2055
2013,E250,1796
2014,E250,1713
2015,E250,521
2016,E250,964
2017,E250,137
2018,E250,111
2019,E250,25
1998,E280,81
1999,E280,91
2006,E280,130
2007,E280,42
2008,E280,11
2009,E300,11
2010,E300,9
2011,E300,1
2012,E300,5
2014,E300,139
2015,E300,1723
2016,E300,38
2017,E300,130
2018,E300,182
2019,E300,303
2020,E300,32
2021,E300,5
2022,E300,2
2009,E350,119
2019,E350,722
2020,E350,146
2014,E400,7
2015,E400,2
2017,E400,8
2018,E400,3
2018,E450,1
2010,EASTAR,5
2011,EASTAR,346
2012,EASTAR,1017
2013,EASTAR,460
2014,EASTAR,147
2007,ECONOVAN,69
2014,ECOSPORT,1030
2015,ECOSPORT,261
2016,ECOSPORT,57
2017,ECOSPORT,4
2004,EDIX,1
2007,EDIX,6
2001,ELANTRA,118
2002,ELANTRA,120
2004,ELANTRA,558
2005,ELANTRA,415
2008,ELANTRA,403
2009,ELANTRA,172
2010,ELANTRA,445
2012,ELANTRA,2889
2013,ELANTRA,4703
2014,ELANTRA,2849
2015,ELANTRA,6492
2016,ELANTRA,113
2019,ELANTRA,174
2020,ELANTRA,21
2021,ELANTRA,35
2004,ELGRAND,32
2006,ELGRAND,46
2007,ELGRAND,8
2010,ELGRAND,53
2011,ELGRAND,66
2012,ELGRAND,68
2013,ELGRAND,62
2014,ELGRAND,52
2015,ELGRAND,23
2016,ELGRAND,24
2017,ELGRAND,60
2018,ELGRAND,58
2019,ELGRAND,15
2020,ELGRAND,3
2004,ELYSION,138
2006,ELYSION,52
2008,ELYSION,300
2009,ELYSION,16
2010,ELYSION,9
2007,EOS,16
2008,EOS,68
2010,EOS,63
2011,EOS,51
2012,EOS,28
2016,ERTIGA,533
2017,ERTIGA,5987
2018,ERTIGA,4403
2019,ERTIGA,165
2003,ERV,1
2014,ES250,1
2013,ESCALADE,2
2017,ESCALADE,2
2019,ESCALADE,1
2005,ESCAPE,209
2006,ESCAPE,87
2009,ESCAPE,69
2010,ESCAPE,96
2011,ESCAPE,204
2012,ESCAPE,122
2018,ESQUIRE,16
2019,ESQUIRE,6
1994,ESTIMA,83
1999,ESTIMA,247
2000,ESTIMA,3503
2001,ESTIMA,3024
2002,ESTIMA,2060
2003,ESTIMA,3846
2004,ESTIMA,2865
2005,ESTIMA,2189
2006,ESTIMA,7010
2007,ESTIMA,5750
2008,ESTIMA,5824
2009,ESTIMA,4298
2010,ESTIMA,5293
2011,ESTIMA,3422
2012,ESTIMA,3683
2013,ESTIMA,2816
2014,ESTIMA,1886
2015,ESTIMA,1026
2016,ESTIMA,1493
2017,ESTIMA,685
2018,ESTIMA,373
2019,ESTIMA,174
2005,EVEREST,291
2006,EVEREST,174
2007,EVEREST,81
2022,EVEREST,19
2023,EVEREST,46
2012,EX25,8
2011,EX37,4
2009,EXORA,18610
2010,EXORA,22499
2011,EXORA,18299
2012,EXORA,22414
2013,EXORA,20319
2014,EXORA,12131
2015,EXORA,12389
2016,EXORA,5055
2017,EXORA,4570
2018,EXORA,3399
2019,EXORA,4975
2020,EXORA,5386
2021,EXORA,3625
2022,EXORA,4373
2023,EXORA,2642
2005,F430,28
2006,F430,68
2007,F430,42
2008,F430,31
2009,F430,7
1991,FEROZA,374
2012,FF,2
2010,FIESTA,852
2011,FIESTA,3625
2012,FIESTA,3409
2013,FIESTA,3473
2014,FIESTA,1440
2015,FIESTA,589
2016,FIESTA,123
2002,FIT,37
2017,FIT,19
2018,FIT,23
2019,FIT,13
2014,FLUENCE,145
2015,FLUENCE,254
2016,FLUENCE,247
2006,FOCUS,93
2009,FOCUS,168
2011,FOCUS,153
2012,FOCUS,759
2013,FOCUS,1515
2014,FOCUS,754
2015,FOCUS,125
2016,FOCUS,297
2003,FORESTER,28
2007,FORESTER,2
2009,FORESTER,16
2012,FORESTER,35
2013,FORESTER,122
2014,FORESTER,141
2015,FORESTER,47
2016,FORESTER,3339
2017,FORESTER,1153
2018,FORESTER,1640
2019,FORESTER,1433
2020,FORESTER,760
2023,FORESTER,111
2005,FORFOUR,298
2009,FORTE,410
2010,FORTE,9062
2011,FORTE,11038
2012,FORTE,6177
2013,FORTE,2693
2005,FORTUNER,1274
2006,FORTUNER,641
2007,FORTUNER,971
2008,FORTUNER,737
2009,FORTUNER,794
2010,FORTUNER,1060
2011,FORTUNER,978
2012,FORTUNER,1269
2013,FORTUNER,1623
2014,FORTUNER,1230
2015,FORTUNER,803
2016,FORTUNER,1519
2017,FORTUNER,2772
2018,FORTUNER,2588
2019,FORTUNER,1667
2020,FORTUNER,595
2021,FORTUNER,957
2022,FORTUNER,2051
2023,FORTUNER,1396
2005,FORTWO,136
2015,FORTWO,5
2016,FORTWO,11
2017,FORTWO,13
2016,F-PACE,21
2017,F-PACE,5
2018,F-PACE,18
2019,F-PACE,18
2020,F-PACE,2
2010,FREED,1163
2011,FREED,224
2012,FREED,1239
2013,FREED,1
2004,FREELANDER,157
2005,FREELANDER,171
2005,FRONTIER,3294
2006,FRONTIER,1548
2007,FRONTIER,1046
2008,FRONTIER,1061
2009,FRONTIER,645
2010,FRONTIER,350
2011,FRONTIER,331
2012,FRONTIER,207
2013,FRONTIER,47
1995,FTO,35
2015,F-TYPE,2
2018,F-TYPE,4
2019,F-TYPE,5
2020,F-TYPE,3
2021,F-TYPE,2
2022,F-TYPE,2
2011,FX37,1
2012,FX37,10
2013,FX37,4
2016,G10,130
2017,G10,247
2018,G10,268
2019,G10,40
2020,G10,2
2021,G10,102
2022,G10,50
2023,G10,63
2013,G350,2
2014,G350,14
2015,G350,14
2016,G350,10
2017,G350,6
2018,G350,7
2019,G350,1
2006,G55,1
2005,GALLARDO,3
2007,GALLARDO,7
2008,GALLARDO,19
2009,GALLARDO,9
2010,GALLARDO,11
2011,GALLARDO,14
2012,GALLARDO,12
2013,GALLARDO,6
2006,GEN2,5591
2004,GEN-2,34
2005,GEN-2,16
2015,GENESIS,2
2003,GETZ,900
2004,GETZ,4555
2005,GETZ,4566
2006,GETZ,3146
2008,GETZ,4188
2014,GHIBLI,62
2015,GHIBLI,97
2016,GHIBLI,22
2017,GHIBLI,38
2019,GHIBLI,21
2020,GHIBLI,3
2021,GHIBLI,2
2010,GHOST,23
2011,GHOST,17
2012,GHOST,22
2013,GHOST,21
2014,GHOST,11
2015,GHOST,15
2016,GHOST,13
2017,GHOST,11
2018,GHOST,5
2020,GHOST,4
2021,GHOST,3
2022,GHOST,4
2017,GIULIA,4
2018,GIULIA,4
2020,GIULIA,1
2014,GL350,1
2014,GLA180,27
2015,GLA180,144
2016,GLA180,150
2017,GLA180,108
2018,GLA180,58
2019,GLA180,7
2015,GLA200,1
2016,GLA200,1
2017,GLA200,378
2018,GLA200,208
2019,GLA200,8
2018,GLA220,40
2019,GLA220,25
2014,GLA250,158
2015,GLA250,507
2016,GLA250,189
2017,GLA250,401
2018,GLA250,179
2019,GLA250,7
2021,GLADIATOR,1
2017,GLC200,57
2018,GLC200,62
2019,GLC200,15
2016,GLC250,766
2017,GLC250,1211
2018,GLC250,1524
2019,GLC250,927
2020,GLC250,1
2019,GLC300,9
2020,GLC300,21
2021,GLC300,3
2022,GLC300,2
2016,GLE350,9
2015,GLE400,10
2016,GLE400,45
2017,GLE400,1
2021,GLE400,1
2017,GLE43,8
2018,GLE43,20
2015,GLE450,19
2016,GLE450,64
2020,GLE450,2
2020,GLE53,1
2021,GLE53,3
2018,GLE63,1
2019,GLS350,1
2006,GOLF,48
2007,GOLF,497
2008,GOLF,337
2009,GOLF,213
2010,GOLF,1333
2011,GOLF,1896
2012,GOLF,1823
2013,GOLF,1973
2014,GOLF,314
2015,GOLF,219
2016,GOLF,223
2017,GOLF,174
2018,GOLF,403
2019,GOLF,167
2020,GOLF,63
2022,GOLF,808
2023,GOLF,280
2021,GR86,11
2022,GR86,35
2023,GR86,2
2020,GRANACE,42
2021,GRANACE,6
2022,GRANACE,2
2004,GRANDIS,188
2005,GRANDIS,195
2008,GRANDIS,780
2009,GRANDIS,447
2010,GRANDIS,838
2011,GRANDIS,321
2008,GRANTURISMO,4
2009,GRANTURISMO,9
2010,GRANTURISMO,5
2011,GRANTURISMO,5
2014,GRANTURISMO,3
2015,GRANTURISMO,3
2018,GRANTURISMO,1
2017,GS200T,4
2012,GS250,106
2013,GS250,37
2006,GS300,26
2007,GS300,82
2011,GS300,15
2017,GS300,1
2012,GS350,30
2021,GT,3
2019,GTC4LUSSO,1
1992,GTO,5
2011,GTR,17
2008,GT-R,248
2009,GT-R,100
2010,GT-R,42
2011,GT-R,59
2012,GT-R,48
2013,GT-R,33
2014,GT-R,26
2015,GT-R,20
2016,GT-R,28
2017,GT-R,70
2018,GT-R,56
2019,GT-R,33
2020,GT-R,5
2021,GT-R,3
2017,H1,15
2018,H1,3
2019,H1,223
2020,H1,106
2021,H1,23
2005,H2,3
2012,H2,2
2008,H3,57
2009,H3,14
1998,HARRIER,2652
1999,HARRIER,1721
2000,HARRIER,1094
2001,HARRIER,875
2002,HARRIER,313
2003,HARRIER,3166
2004,HARRIER,2636
2005,HARRIER,3044
2006,HARRIER,1925
2007,HARRIER,1745
2008,HARRIER,1457
2009,HARRIER,908
2010,HARRIER,584
2011,HARRIER,353
2012,HARRIER,205
2013,HARRIER,115
2014,HARRIER,3588
2015,HARRIER,2579
2016,HARRIER,1281
2017,HARRIER,2075
2018,HARRIER,2266
2019,HARRIER,1075
2020,HARRIER,1302
2021,HARRIER,1558
2022,HARRIER,869
2023,HARRIER,226
1991,HIACE,509
1996,HIACE,738
1997,HIACE,841
2000,HIACE,270
2002,HIACE,315
2003,HIACE,151
2004,HIACE,294
2005,HIACE,304
2006,HIACE,290
2007,HIACE,364
2008,HIACE,410
2009,HIACE,455
2010,HIACE,473
2011,HIACE,651
2012,HIACE,799
2013,HIACE,810
2014,HIACE,906
2015,HIACE,818
2016,HIACE,925
2017,HIACE,35
2018,HIACE,33
2019,HIACE,25
2020,HIACE,19
2021,HIACE,24
2022,HIACE,95
2023,HIACE,126
1992,HIJET,24
1999,HIJET,1
1992,HILUX,390
2004,HILUX,4256
2005,HILUX,5780
2006,HILUX,6950
2007,HILUX,6466
2008,HILUX,8021
2009,HILUX,9061
2010,HILUX,12117
2011,HILUX,13181
2012,HILUX,19074
2013,HILUX,17455
2014,HILUX,15770
2015,HILUX,19454
2016,HILUX,10489
2017,HILUX,10694
2018,HILUX,12181
2019,HILUX,8838
2020,HILUX,8176
2021,HILUX,11107
2022,HILUX,17097
2023,HILUX,12802
2015,HR-V,18481
2016,HR-V,22976
2017,HR-V,17472
2018,HR-V,7772
2019,HR-V,16586
2020,HR-V,8228
2021,HR-V,10598
2022,HR-V,10200
2023,HR-V,13265
2013,HURACAN,2
2014,HURACAN,40
2015,HURACAN,28
2016,HURACAN,25
2017,HURACAN,22
2018,HURACAN,48
2019,HURACAN,27
2020,HURACAN,5
2021,HURACAN,7
2022,HURACAN,12
2020,HUSTLER,1
2008,I10,295
2011,I10,1674
2012,I10,1852
2013,I10,1215
2014,I10,1143
2016,I10,61
2018,I3,1
2014,I30,75
2013,I40,86
2014,I40,324
2015,I8,38
2016,I8,22
2017,I8,13
2018,I8,16
2019,I8,2
2004,IMPREZA,147
2005,IMPREZA,168
2010,IMPREZA,71
2011,IMPREZA,42
2012,IMPREZA,45
2013,IMPREZA,30
2014,IMPREZA,35
2015,IMPREZA,32
2005,INNOVA,8157
2006,INNOVA,7933
2007,INNOVA,4759
2008,INNOVA,4630
2009,INNOVA,4135
2010,INNOVA,4796
2011,INNOVA,3875
2012,INNOVA,4725
2013,INNOVA,4432
2014,INNOVA,3726
2015,INNOVA,2671
2016,INNOVA,1451
2017,INNOVA,4837
2018,INNOVA,3737
2019,INNOVA,2169
2020,INNOVA,1176
2021,INNOVA,1307
2022,INNOVA,1014
2023,INNOVA,1567
2011,INSIGHT,4400
2012,INSIGHT,1748
2013,INSIGHT,297
2010,INSPIRA,1916
2011,INSPIRA,9047
2012,INSPIRA,3337
2013,INSPIRA,2224
2014,INSPIRA,569
2015,INSPIRA,671
1993,INTEGRA,88
1996,INTEGRA,32
2002,INTEGRA,24
2005,INTEGRA,137
2016,IONIQ,20
2017,IONIQ,919
2018,IONIQ,434
2019,IONIQ,387
2005,IPSUM,139
2006,IPSUM,34
2014,IRIZ,6967
2015,IRIZ,25381
2016,IRIZ,9737
2017,IRIZ,3967
2018,IRIZ,2433
2019,IRIZ,6490
2020,IRIZ,7360
2021,IRIZ,6161
2022,IRIZ,5353
2023,IRIZ,6031
2017,IS200T,24
2006,IS250,147
2007,IS250,151
2008,IS250,153
2009,IS250,93
2010,IS250,69
2011,IS250,30
2012,IS250,7
2013,IS250,73
2014,IS250,34
2015,IS250,24
2017,IS300,2
2018,IS300,14
2019,IS300,5
2020,IS300,4
2021,IS300,53
2022,IS300,2
2004,IST,1
2002,ISWARA,27972
2004,ISWARA,32626
2005,ISWARA,15808
2007,ISWARA,30034
2015,JADE,117
2016,JADE,125
2018,JADE,54
2019,JADE,15
2003,JAZZ,2731
2004,JAZZ,3168
2005,JAZZ,2462
2006,JAZZ,1511
2008,JAZZ,1637
2009,JAZZ,169
2010,JAZZ,658
2011,JAZZ,422
2012,JAZZ,3357
2013,JAZZ,6458
2014,JAZZ,14630
2015,JAZZ,16166
2016,JAZZ,15928
2017,JAZZ,13232
2018,JAZZ,13255
2019,JAZZ,11928
2020,JAZZ,4920
2021,JAZZ,4009
2011,JETTA,511
2012,JETTA,1070
2013,JETTA,397
2014,JETTA,1881
2015,JETTA,927
2016,JETTA,228
2017,JETTA,641
2018,JETTA,183
1989,JIMNY,4
1996,JIMNY,981
2013,JIMNY,76
2015,JIMNY,77
2018,JIMNY,63
2019,JIMNY,125
2020,JIMNY,176
2021,JIMNY,152
2022,JIMNY,234
2023,JIMNY,127
2001,JUARA,1347
2011,JUKE,139
2012,JUKE,43
2013,JUKE,51
1994,KANCIL,5294
1995,KANCIL,20169
1997,KANCIL,36991
1998,KANCIL,21995
1999,KANCIL,41242
2000,KANCIL,48710
2001,KANCIL,50448
2002,KANCIL,44391
2003,KANCIL,43092
2004,KANCIL,42124
2005,KANCIL,40898
2006,KANCIL,26785
2007,KANCIL,12246
2002,KANGOO,27
2003,KANGOO,4
2006,KANGOO,373
2007,KANGOO,4
2001,KELISA,11431
2002,KELISA,31505
2003,KELISA,27723
2004,KELISA,26084
2005,KELISA,23794
2006,KELISA,20828
2007,KELISA,4901
1999,KEMBARA,8464
2000,KEMBARA,7360
2001,KEMBARA,9286
2002,KEMBARA,7571
2003,KEMBARA,7388
2005,KEMBARA,2786
2007,KEMBARA,288
2000,KENARI,6819
2001,KENARI,7403
2002,KENARI,13353
2003,KENARI,16853
2004,KENARI,23152
2005,KENARI,15834
2006,KENARI,11382
2007,KENARI,3905
2008,KENARI,3330
2009,KENARI,1590
2022,KINGO,5
2010,KIZASHI,8
2011,KIZASHI,8
2012,KIZASHI,92
2013,KIZASHI,2
2010,KOLEOS,14
2014,KOLEOS,41
2016,KOLEOS,53
2017,KOLEOS,47
2018,KOLEOS,59
2019,KOLEOS,11
2020,KOLEOS,36
2020,KONA,52
2021,KONA,107
2022,KONA,132
2013,KUGA,955
2014,KUGA,420
2015,KUGA,43
2009,KYRON,1
2006,L200,690
2000,LANCER,48
2003,LANCER,101
2005,LANCER,801
2006,LANCER,29
2007,LANCER,750
2008,LANCER,1178
2009,LANCER,1191
2010,LANCER,1332
2011,LANCER,627
2012,LANCER,542
2013,LANCER,180
2014,LANCER,643
2015,LANCER,340
2016,LANCER,158
2023,LANDTREK,28
1996,LANTIS,10
1995,LASER,546
2007,LATIO,2932
2008,LATIO,3028
2009,LATIO,1663
2010,LATIO,1003
2011,LATIO,813
2012,LATIO,335
2013,LATIO,79
2014,LATIO,122
2017,LC500,18
2018,LC500,16
2019,LC500,5
2020,LC500,3
2012,LEGACY,22
2016,LEVANTE,1
2017,LEVANTE,36
2018,LEVANTE,30
2019,LEVANTE,38
2020,LEVANTE,24
2021,LEVANTE,16
2022,LEVANTE,15
2017,LEVORG,22
2018,LEVORG,13
2019,LEVORG,1
2020,LEVORG,1
1990,LITEACE,1843
1993,LITEACE,1017
1995,LITEACE,1077
2003,LS430,4
2007,LS460,13
2010,LS460,4
2007,LS460L,19
2010,LS460L,5
2012,LS460L,3
2013,LS460L,10
2018,LS500,11
2019,LS500,1
2019,LS500H,1
2018,LX450D,5
2019,LX450D,6
2022,LX500D,1
2011,LX570,7
2014,LX570,7
2015,LX570,14
2016,LX570,108
2017,LX570,63
2018,LX570,51
2019,LX570,38
2020,LX570,19
2021,LX570,1
2022,LX600,4
2019,M135I,3
2020,M135I,14
2021,M135I,4
2022,M135I,10
2016,M2,25
2017,M2,31
2018,M2,30
2019,M2,38
2020,M2,4
2023,M2,4
2015,M235I,5
2020,M235I,1
2012,M25,14
2013,M25,8
2008,M3,44
2010,M3,39
2011,M3,18
2016,M3,7
2018,M3,5
2021,M3,14
2022,M3,8
2023,M3,6
2019,M340I,1
2020,M340I,36
2021,M340I,102
2022,M340I,79
2023,M340I,228
2014,M4,132
2015,M4,883
2016,M4,904
2017,M4,147
2018,M4,35
2019,M4,18
2020,M4,3
2021,M4,25
2022,M4,16
2023,M4,8
2011,M5,18
2012,M5,39
2013,M5,20
2014,M5,6
2018,M5,29
2019,M5,27
2020,M5,5
2021,M5,1
2023,M5,2
2012,M6,6
2014,M6,9
2019,M8,2
2020,M8,6
2021,M8,1
2018,M850I,2
2019,M850I,19
2020,M850I,1
2014,MACAN,208
2015,MACAN,485
2016,MACAN,364
2017,MACAN,278
2018,MACAN,181
2019,MACAN,353
2020,MACAN,214
2021,MACAN,80
2022,MACAN,33
2014,MALIBU,89
2015,MALIBU,205
2004,MARCH,37
2004,MATRIX,6742
2005,MATRIX,14114
2006,MATRIX,3124
2007,MATRIX,3934
2008,MATRIX,1446
2016,MAXUS,5
2018,MAXUS,42
2022,MC20,1
2010,MEGANE,20
2011,MEGANE,47
2014,MEGANE,3
2015,MEGANE,23
2016,MEGANE,9
2020,MEGANE,13
2021,MEGANE,1
2022,MEGANE,1
1997,MGF,3
2012,MIRAGE,1759
2013,MIRAGE,2310
2014,MIRAGE,580
2015,MIRAGE,639
2005,ML350,25
2006,ML350,85
2008,ML350,19
2009,ML350,39
2010,ML350,39
2012,ML350,23
2013,ML350,11
2014,ML350,1
2009,MONDEO,12
2010,MONDEO,88
2012,MONDEO,55
2013,MONDEO,5
1972,MORRIS,43
2013,MP4-12C,2
1994,MR2,1
2004,MR-S,3
2012,MULSANNE,6
2005,MURANO,703
2006,MURANO,247
2008,MURANO,143
2009,MURANO,159
2010,MURANO,152
2012,MURANO,43
2006,MURCIELAGO,2
1999,MUSSO,3
1967,MUSTANG,3
2013,MUSTANG,4
2015,MUSTANG,25
2016,MUSTANG,532
2017,MUSTANG,446
2018,MUSTANG,333
2019,MUSTANG,148
2020,MUSTANG,60
2021,MUSTANG,30
2022,MUSTANG,6
1990,MX-5,1
1995,MX-5,1
2016,MX-5,1
2017,MX-5,7
2019,MX-5,1
2020,MX-5,10
2021,MX-5,34
2022,MX-5,27
2023,MX-5,15
2005,MYVI,31408
2006,MYVI,74160
2007,MYVI,75031
2008,MYVI,78734
2009,MYVI,80301
2010,MYVI,72605
2011,MYVI,77037
2012,MYVI,82953
2013,MYVI,92542
2014,MYVI,77287
2015,MYVI,73012
2016,MYVI,47092
2017,MYVI,52887
2018,MYVI,78475
2019,MYVI,78517
2020,MYVI,64374
2021,MYVI,46029
2022,MYVI,73768
2023,MYVI,51354
1999,NADIA,112
2009,NAVARA,1022
2010,NAVARA,2776
2011,NAVARA,2064
2012,NAVARA,3256
2013,NAVARA,2730
2014,NAVARA,2308
2015,NAVARA,2247
2016,NAVARA,9
2018,NAVARA,2120
2019,NAVARA,1827
2021,NAVARA,2834
2022,NAVARA,2361
2023,NAVARA,1079
2017,N-BOX,6
2018,N-BOX,34
2008,NITRO,5
2015,NOAH,21
2017,NOAH,132
2018,NOAH,192
2019,NOAH,81
2020,NOAH,5
2022,NOAH,1
2017,NSX,4
2014,NV200,2
2014,NX200T,169
2015,NX200T,430
2016,NX200T,266
2017,NX200T,111
2018,NX200T,1
2022,NX250,1
2017,NX300,51
2018,NX300,335
2019,NX300,227
2020,NX300,69
2021,NX300,12
2019,NX300H,1
2022,NX350,13
2023,NX350,1
1997,ODYSSEY,700
2000,ODYSSEY,444
2001,ODYSSEY,174
2002,ODYSSEY,279
2003,ODYSSEY,295
2004,ODYSSEY,1221
2005,ODYSSEY,1145
2006,ODYSSEY,635
2007,ODYSSEY,486
2008,ODYSSEY,727
2009,ODYSSEY,820
2010,ODYSSEY,495
2011,ODYSSEY,399
2012,ODYSSEY,204
2013,ODYSSEY,315
2014,ODYSSEY,1093
2015,ODYSSEY,398
2016,ODYSSEY,325
2017,ODYSSEY,395
2018,ODYSSEY,245
2019,ODYSSEY,113
2020,ODYSSEY,48
2021,ODYSSEY,4
2022,ODYSSEY,3
2004,ONE,44
2005,ONE,53
2011,ONE,33
2012,ONE,28
2013,ONE,96
2018,ONE,27
2019,ONE,10
2005,OPTIMA,545
2009,OPTIMA,24
2012,OPTIMA,1608
2005,OPTRA,1477
2006,OPTRA,284
2007,OPTRA,9
2005,OPTRA5,1
2012,ORLANDO,37
2013,ORLANDO,285
2005,OUTLANDER,154
2006,OUTLANDER,5
2016,OUTLANDER,821
2017,OUTLANDER,481
2018,OUTLANDER,2439
2019,OUTLANDER,1639
2020,OUTLANDER,674
2021,OUTLANDER,655
1997,P15VJLNRM,6
2013,PACEMAN,5
2014,PACEMAN,11
1994,PAJERO,1789
1995,PAJERO,1577
1996,PAJERO,2454
1998,PAJERO,589
1999,PAJERO,841
2000,PAJERO,968
2003,PAJERO,164
2009,PAJERO,505
2010,PAJERO,1259
2023,PALISADE,8
2009,PANAMERA,83
2010,PANAMERA,236
2011,PANAMERA,161
2012,PANAMERA,145
2013,PANAMERA,74
2014,PANAMERA,43
2015,PANAMERA,18
2016,PANAMERA,20
2017,PANAMERA,95
2018,PANAMERA,61
2019,PANAMERA,37
2020,PANAMERA,9
2009,PASSAT,58
2010,PASSAT,468
2011,PASSAT,1686
2012,PASSAT,2207
2013,PASSAT,1848
2014,PASSAT,1349
2015,PASSAT,798
2016,PASSAT,339
2017,PASSAT,855
2018,PASSAT,1161
2019,PASSAT,708
2020,PASSAT,600
2021,PASSAT,113
2022,PASSAT,306
1997,PERDANA,2696
1999,PERDANA,1650
2000,PERDANA,4487
2001,PERDANA,4011
2002,PERDANA,2294
2003,PERDANA,2533
2004,PERDANA,2455
2006,PERDANA,1362
2007,PERDANA,1576
2008,PERDANA,1453
2014,PERDANA,1579
2015,PERDANA,848
2016,PERDANA,1240
2017,PERDANA,870
2018,PERDANA,422
2019,PERDANA,232
2007,PERSONA,17065
2008,PERSONA,36780
2009,PERSONA,34742
2010,PERSONA,39131
2011,PERSONA,38817
2012,PERSONA,23124
2013,PERSONA,14209
2014,PERSONA,18156
2015,PERSONA,4288
2016,PERSONA,13642
2017,PERSONA,16866
2018,PERSONA,14782
2019,PERSONA,18813
2020,PERSONA,21413
2021,PERSONA,14309
2022,PERSONA,14603
2023,PERSONA,18154
2012,PHANTOM,3
2019,PHANTOM,1
2005,PICANTO,2011
2006,PICANTO,113
2010,PICANTO,739
2013,PICANTO,403
2014,PICANTO,1527
2015,PICANTO,694
2016,PICANTO,135
2018,PICANTO,2112
2019,PICANTO,1051
2006,POLO,1
2008,POLO,68
2010,POLO,627
2011,POLO,1738
2012,POLO,2606
2013,POLO,1806
2014,POLO,3714
2015,POLO,2729
2016,POLO,733
2017,POLO,1253
2018,POLO,1244
2019,POLO,1187
2020,POLO,443
2019,PORTOFINO,6
2020,PORTOFINO,7
2004,PREGIO,408
2007,PREGIO,189
2010,PREGIO,73
2011,PREGIO,69
2013,PREGIO,115
2014,PREGIO,62
2004,PREMACY,95
2005,PREMACY,76
2012,PREVE,19982
2013,PREVE,15858
2014,PREVE,9428
2015,PREVE,9256
2016,PREVE,2249
2017,PREVE,1043
2018,PREVE,456
2019,PREVE,77
2014,PREVIA,333
2015,PREVIA,43
2010,PRIUS,146
2011,PRIUS,2186
2012,PRIUS,5583
2013,PRIUS,4895
2001,PUTRA,133
2012,Q3,102
2013,Q3,183
2014,Q3,205
2015,Q3,99
2016,Q3,193
2017,Q3,78
2018,Q3,18
2019,Q3,18
2020,Q3,18
2021,Q3,22
2022,Q3,6
2009,Q5,390
2010,Q5,438
2011,Q5,429
2012,Q5,405
2013,Q5,340
2014,Q5,292
2015,Q5,233
2016,Q5,64
2018,Q5,2
2019,Q5,50
2020,Q5,18
2022,Q5,8
2023,Q5,3
2014,Q50,73
2015,Q50,74
2007,Q7,154
2008,Q7,133
2010,Q7,251
2011,Q7,443
2012,Q7,165
2013,Q7,88
2014,Q7,41
2015,Q7,56
2016,Q7,71
2017,Q7,11
2019,Q7,3
2020,Q7,1
2018,Q8,16
2019,Q8,28
2020,Q8,6
2021,Q8,3
2022,Q8,1
2013,QUATTROPORTE,6
2014,QUATTROPORTE,16
2018,QUATTROPORTE,1
2015,QX70,15
2008,R280L,88
2006,R350,27
2007,R350L,27
2009,R350L,1
2007,R8,25
2008,R8,58
2009,R8,32
2010,R8,25
2011,R8,15
2015,R8,2
2016,R8,1
2017,R8,2
2000,RANGER,1095
2002,RANGER,2446
2003,RANGER,1977
2004,RANGER,1750
2007,RANGER,837
2008,RANGER,522
2009,RANGER,1102
2010,RANGER,1292
2011,RANGER,1450
2012,RANGER,2133
2013,RANGER,4765
2014,RANGER,7499
2015,RANGER,5376
2016,RANGER,4875
2017,RANGER,4217
2018,RANGER,4223
2019,RANGER,4681
2020,RANGER,2178
2021,RANGER,2700
2022,RANGER,3987
2023,RANGER,3515
1995,RAV4,268
1996,RAV4,345
2000,RAV4,579
2002,RAV4,115
2004,RAV4,60
2005,RAV4,89
2006,RAV4,204
2007,RAV4,101
2011,RAV4,11
2020,RAV4,170
2016,RC200T,11
2017,RC200T,8
2018,RC300,14
2019,RC300,3
2021,RC300,1
2011,RCZ,268
2012,RCZ,115
2003,RIA,1850
2005,RIA,4712
2006,RIA,2237
2007,RIA,246
2008,RIA,563
2009,RIA,815
2010,RIA,70
2004,RIO,577
2013,RIO,1408
2014,RIO,1416
2015,RIO,608
2016,RIO,904
2017,RIO,593
2018,RIO,255
2019,RIO,236
2005,ROADSTER,70
2018,ROADSTER,86
2019,ROADSTER,47
1995,ROCSTA,49
1997,ROCSTA,112
2003,RODEO,1
2020,ROMA,1
2021,ROMA,5
2017,ROOMY,8
2018,ROOMY,12
2021,ROOMY,5
2012,RS3,1
2016,RS3,18
2018,RS3,56
2019,RS3,2
2020,RS3,4
2013,RS5,2
2017,RS5,2
2018,RS5,2
2019,RS5,4
2020,RS5,1
2008,RS6,6
2013,RS6,8
2014,RS6,5
2016,RS6,8
2017,RS6,3
2018,RS6,2
2020,RS6,4
2021,RS6,2
2015,RS7,1
2020,RS7,5
1996,RUSA,2984
1997,RUSA,4516
2006,RUSA,272
2008,RUSH,4969
2009,RUSH,2461
2010,RUSH,2079
2011,RUSH,2132
2012,RUSH,1503
2013,RUSH,965
2014,RUSH,488
2015,RUSH,194
2016,RUSH,59
2019,RUSH,2628
2020,RUSH,2245
2021,RUSH,2110
2023,RUSH,908
2015,RX200T,21
2016,RX200T,617
2017,RX200T,799
2010,RX270,105
2011,RX270,348
2012,RX270,321
2013,RX270,243
2014,RX270,190
2015,RX270,16
2005,RX300,52
2006,RX300,16
2018,RX300,625
2019,RX300,409
2020,RX300,587
2021,RX300,256
2022,RX300,38
2008,RX350,17
2009,RX350,522
2010,RX350,257
2011,RX350,221
2012,RX350,237
2013,RX350,206
2014,RX350,229
2015,RX350,38
2010,RX450H,26
1992,RX-7,19
2002,RX-7,3
2003,RX-8,261
2004,RX-8,157
1999,S2000,25
2000,S2000,8
2003,S2000,8
2000,S280,226
2001,S280,174
2003,S280,127
2015,S3,3
2017,S3,11
2018,S3,2
2019,S3,3
2020,S3,1
2007,S300L,5
2008,S300L,1
2002,S320L,31
2004,S350,7
2006,S350,261
2007,S350,139
2008,S350,42
2004,S350L,15
2005,S350L,8
2006,S350L,176
2007,S350L,51
2008,S350L,12
2010,S350L,18
2013,S350L,1
2009,S4,50
2017,S4,4
2018,S4,3
1999,S40,97
2004,S40,219
2007,S40,68
2008,S40,133
2009,S40,133
2010,S40,239
2011,S40,165
2013,S400L,5
2014,S400L,395
2015,S400L,1277
2016,S400L,784
2017,S400L,265
2008,S5,8
2009,S5,11
2010,S5,83
2011,S5,52
2012,S5,41
2013,S5,20
2015,S5,6
2018,S5,9
2019,S5,1
2006,S500,13
2016,S500,2
2013,S500L,3
2014,S500L,8
2015,S500L,8
2012,S6,4
2013,S6,1
2004,S60,129
2005,S60,180
2011,S60,187
2012,S60,166
2013,S60,78
2014,S60,11
2015,S60,17
2018,S60,9
2019,S60,63
2020,S60,190
2021,S60,180
2022,S60,118
2023,S60,40
2015,S600,1
2016,S600,2
2015,S660,25
2016,S660,12
2017,S660,9
2018,S660,21
2019,S660,15
2021,S660,1
2012,S7,10
1999,S70,98
2003,S80,51
2004,S80,69
2009,S80,65
2010,S80,103
2011,S80,83
2017,S90,60
2018,S90,117
2019,S90,70
2021,S90,51
2022,S90,46
2023,S90,23
1992,SAGA,26063
2008,SAGA,62689
2009,SAGA,56870
2010,SAGA,58191
2011,SAGA,66034
2012,SAGA,54596
2013,SAGA,60963
2014,SAGA,52865
2015,SAGA,35401
2016,SAGA,29557
2017,SAGA,26148
2018,SAGA,26083
2019,SAGA,33889
2020,SAGA,45246
2021,SAGA,36371
2022,SAGA,51201
2023,SAGA,49559
1995,SATRIA,6100
1996,SATRIA,8919
1997,SATRIA,9727
2000,SATRIA,4360
2002,SATRIA,4813
2004,SATRIA,1759
2006,SATRIA,4760
2007,SATRIA,2989
2008,SATRIA,2787
2009,SATRIA,3072
2010,SATRIA,3539
2011,SATRIA,2288
2013,SAVANNA,30
2005,SAVVY,4030
2009,SCIROCCO,158
2010,SCIROCCO,211
2011,SCIROCCO,472
2012,SCIROCCO,330
2013,SCIROCCO,167
2017,SCIROCCO,1
2019,SENNA,1
1996,SENTRA,1559
1998,SENTRA,316
2000,SENTRA,1651
2001,SENTRA,4539
2002,SENTRA,3593
2003,SENTRA,4703
2004,SENTRA,5361
2005,SENTRA,6544
2006,SENTRA,5798
2007,SENTRA,2792
2008,SENTRA,1739
2010,SENTRA,1139
2011,SENTRA,706
2012,SENTRA,430
2013,SENTRA,25
1999,SEPHIA,882
1997,SERENA,1817
1999,SERENA,770
2001,SERENA,944
2002,SERENA,471
2005,SERENA,872
2007,SERENA,181
2008,SERENA,318
2009,SERENA,243
2010,SERENA,359
2011,SERENA,278
2012,SERENA,272
2013,SERENA,395
2014,SERENA,25
2016,SERENA,9
2017,SERENA,1
2018,SERENA,4602
2019,SERENA,5459
2020,SERENA,3979
2021,SERENA,2288
2022,SERENA,2758
2023,SERENA,2465
2011,SHARAN,39
2012,SHARAN,389
2013,SHARAN,184
2014,SHARAN,3
2015,SHUTTLE,3
2016,SHUTTLE,11
2016,SIENTA,2370
2017,SIENTA,1815
2018,SIENTA,1377
2019,SIENTA,36
1985,SJ410VR,78
1989,SKYLINE,10
2000,SKYLINE,68
2001,SKYLINE,81
1986,SL300,1
1996,SL320,16
2004,SL350,42
2005,SL350,31
2008,SL350,9
2012,SL350,12
2013,SL350,20
2014,SL350,19
2015,SL400,4
2019,SL400,1
1995,SL500,1
2003,SL55,19
2004,SL55,3
2018,SLC180,7
2019,SLC180,1
2016,SLC200,24
2017,SLC200,10
2019,SLC200,1
2016,SLC300,9
2017,SLC300,6
2018,SLC300,2
2019,SLC300,3
2020,SLC300,1
2007,SLK200,53
2008,SLK200,58
2011,SLK200,99
2012,SLK200,172
2013,SLK200,100
2014,SLK200,122
2015,SLK200,48
2004,SLK200K,11
2006,SLK200K,119
2008,SLK200K,46
2011,SLK250,73
2012,SLK250,57
2006,SLK350,1
2011,S-MAX,72
2004,SONATA,74
2005,SONATA,40
2007,SONATA,302
2010,SONATA,1601
2011,SONATA,2228
2012,SONATA,1077
2013,SONATA,691
2014,SONATA,554
2015,SONATA,624
2020,SONATA,39
2013,SONIC,347
2015,SONIC,23
2006,SORENTO,989
2007,SORENTO,182
2011,SORENTO,727
2012,SORENTO,420
2013,SORENTO,441
2014,SORENTO,418
2015,SORENTO,219
2016,SORENTO,315
2017,SORENTO,468
2018,SORENTO,377
2019,SORENTO,163
2023,SORENTO,72
2001,SPACIO,96
2009,SPECTRA,926
2010,SPECTRA,17
2008,SPORTAGE,202
2009,SPORTAGE,405
2011,SPORTAGE,566
2012,SPORTAGE,1366
2013,SPORTAGE,1250
2014,SPORTAGE,1011
2015,SPORTAGE,489
2016,SPORTAGE,562
2017,SPORTAGE,511
2018,SPORTAGE,387
2019,SPORTAGE,224
2017,SPRINTER,4
2018,SPRINTER,2
2018,SQ5,3
2022,STARIA,129
2023,STARIA,398
2004,STAVIC,56
2010,STAVIC,150
2013,STAVIC,179
2018,STELVIO,1
2001,STORM,27
2002,STORM,65
2004,STORM,52
2001,STREAM,680
2002,STREAM,779
2003,STREAM,1898
2004,STREAM,866
2005,STREAM,1054
2006,STREAM,740
2007,STREAM,991
2008,STREAM,2478
2009,STREAM,1288
2010,STREAM,1855
2011,STREAM,798
2012,STREAM,856
2013,STREAM,374
2014,STREAM,43
2000,S-TYPE,28
2003,S-TYPE,17
1995,SUNNY,1374
2019,SUPRA,39
2020,SUPRA,113
2007,SURIA,3110
2009,SURIA,509
2005,SWIFT,1766
2006,SWIFT,902
2007,SWIFT,1584
2008,SWIFT,3511
2009,SWIFT,3402
2010,SWIFT,4715
2011,SWIFT,4911
2012,SWIFT,6439
2013,SWIFT,3689
2014,SWIFT,3143
2015,SWIFT,2096
2018,SWIFT,65
2019,SWIFT,36
2020,SWIFT,12
2021,SWIFT,23
2022,SWIFT,36
2023,SWIFT,21
2007,SX4,122
2008,SX4,1170
2010,SX4,1095
2011,SX4,530
2012,SX4,660
2008,SYLPHY,1983
2009,SYLPHY,2296
2010,SYLPHY,3722
2011,SYLPHY,2279
2012,SYLPHY,1919
2013,SYLPHY,698
2014,SYLPHY,2028
2015,SYLPHY,75
2022,T60,26
2020,TAFT,35
2021,TAFT,39
2017,TANK,85
2018,TANK,88
2019,TANK,45
2020,TANK,14
2010,TEANA,631
2011,TEANA,3739
2012,TEANA,2659
2013,TEANA,1401
2014,TEANA,1776
2015,TEANA,1509
2016,TEANA,787
2017,TEANA,218
2018,TEANA,330
2019,TEANA,26
1999,TERRANO,163
1996,TIARA,160
2013,TIGGO,13
2009,TIGUAN,56
2010,TIGUAN,110
2011,TIGUAN,171
2012,TIGUAN,317
2013,TIGUAN,259
2014,TIGUAN,330
2017,TIGUAN,1116
2018,TIGUAN,1770
2019,TIGUAN,1305
2020,TIGUAN,1516
2021,TIGUAN,1190
2022,TIGUAN,1752
2023,TIGUAN,974
2005,TOUAREG,4
2006,TOUAREG,4
2007,TOUAREG,75
2010,TOUAREG,17
2011,TOUAREG,82
2012,TOUAREG,176
2011,TOURAN,422
2012,TOURAN,362
2013,TOURAN,233
2005,TRAJET,523
2014,TRANSIT,17
2017,TRAVELLER,94
2007,TRITON,532
2008,TRITON,689
2009,TRITON,775
2010,TRITON,208
2014,TRITON,1
2015,TRITON,4863
2016,TRITON,2712
2017,TRITON,3181
2018,TRITON,3899
2019,TRITON,4238
2020,TRITON,4164
2021,TRITON,6531
2022,TRITON,7680
2023,TRITON,4306
1997,TROOPER,723
2003,TROOPER,19
1999,TT,12
2004,TT,21
2006,TT,87
2007,TT,567
2008,TT,575
2009,TT,254
2010,TT,160
2011,TT,108
2012,TT,45
2013,TT,32
2015,TT,111
2016,TT,150
2017,TT,78
2018,TT,20
2019,TT,13
2020,TT,2
2021,TT,1
2021,TTRS,2
2017,TTS,17
2005,TUCSON,468
2010,TUCSON,1357
2011,TUCSON,1597
2012,TUCSON,1168
2013,TUCSON,922
2014,TUCSON,836
2015,TUCSON,472
2016,TUCSON,620
2017,TUCSON,261
2018,TUCSON,315
2019,TUCSON,198
2000,UNSER,5985
2001,UNSER,8680
2002,UNSER,9999
2003,UNSER,10530
2004,UNSER,7804
2005,UNSER,369
2018,URUS,28
2019,URUS,74
2020,URUS,44
2021,URUS,26
2022,URUS,11
2023,URUS,5
2008,URVAN,121
2009,URVAN,244
2010,URVAN,341
2011,URVAN,502
2012,URVAN,538
2013,URVAN,494
2014,URVAN,187
2018,UX200,11
2019,UX200,21
2020,UX200,1
2017,V220,4
2019,V220,1
2013,V40,136
2014,V40,213
2015,V40,328
2016,V40,179
2018,V40,117
2010,V50,56
2012,V60,80
2014,V60,3
2022,V60,78
2023,V60,38
2022,V80,10
2017,V90,13
1989,VANETTE,1078
1990,VANETTE,1777
1995,VANETTE,2472
1997,VANETTE,4775
1999,VANETTE,2221
2000,VANETTE,2792
2001,VANETTE,2487
2002,VANETTE,3026
2003,VANETTE,2700
2004,VANETTE,2442
2005,VANETTE,2499
2006,VANETTE,2215
2007,VANETTE,1002
2008,VANETTE,1080
2009,VANETTE,980
2010,VANETTE,438
2008,VANGUARD,89
2010,VANGUARD,75
2008,VELLFIRE,4314
2009,VELLFIRE,5174
2010,VELLFIRE,8110
2011,VELLFIRE,3981
2012,VELLFIRE,6257
2013,VELLFIRE,5557
2014,VELLFIRE,3236
2015,VELLFIRE,7697
2016,VELLFIRE,7235
2017,VELLFIRE,6020
2018,VELLFIRE,6433
2019,VELLFIRE,3569
2020,VELLFIRE,921
2021,VELLFIRE,214
2022,VELLFIRE,64
2023,VELLFIRE,54
2013,VELOSTER,311
2014,VELOSTER,52
2015,VELOSTER,248
2022,VELOZ,3314
2023,VELOZ,5731
2016,VENTO,997
2017,VENTO,1560
2018,VENTO,1265
2019,VENTO,1051
2020,VENTO,260
2013,VIEW,47
2015,VIEW,38
2016,VIEW,30
2017,VIEW,50
2018,VIEW,71
2019,VIEW,72
2020,VIEW,33
2021,VIEW,13
2022,VIEW,43
2023,VIEW,66
2003,VIOS,8508
2004,VIOS,15261
2005,VIOS,18895
2006,VIOS,19572
2007,VIOS,19833
2008,VIOS,29950
2009,VIOS,27154
2010,VIOS,31317
2011,VIOS,27971
2012,VIOS,29175
2013,VIOS,25706
2014,VIOS,39089
2015,VIOS,33191
2016,VIOS,21145
2017,VIOS,22266
2018,VIOS,16592
2019,VIOS,22858
2020,VIOS,18150
2021,VIOS,20791
2022,VIOS,22712
2023,VIOS,16430
1991,VITARA,498
1995,VITARA,620
1996,VITARA,931
1997,VITARA,1117
1998,VITARA,144
2001,VITARA,66
2008,VITARA,34
2007,VITO,21
2011,VITO,1
2013,VITO,14
2014,VITO,4
2018,VITO,2
2020,VITO,1
2022,VITO,13
2018,VITZ,3
2007,VIVA,42931
2008,VIVA,56662
2009,VIVA,57173
2010,VIVA,60868
2011,VIVA,53583
2012,VIVA,50039
2013,VIVA,46602
2014,VIVA,25024
2014,VOXY,132
2015,VOXY,321
2016,VOXY,496
2017,VOXY,879
2018,VOXY,996
2019,VOXY,549
2020,VOXY,78
2021,VOXY,6
2022,VOXY,17
2000,WAJA,8902
2001,WAJA,41621
2002,WAJA,44162
2003,WAJA,32525
2004,WAJA,25772
2005,WAJA,29505
2006,WAJA,15305
2007,WAJA,6702
2008,WAJA,5053
2009,WAJA,1953
2010,WAJA,2706
2011,WAJA,1176
2004,WALD,833
2005,WALD,5442
1994,WIRA,38460
1995,WIRA,38991
1996,WIRA,50587
1997,WIRA,62006
1998,WIRA,15047
1999,WIRA,47481
2000,WIRA,56747
2001,WIRA,63716
2002,WIRA,69455
2003,WIRA,43090
2004,WIRA,32046
2005,WIRA,35892
2006,WIRA,16590
2007,WIRA,9397
2003,WISH,5976
2004,WISH,5069
2005,WISH,4777
2006,WISH,3847
2007,WISH,3188
2008,WISH,2915
2009,WISH,5374
2010,WISH,4812
2011,WISH,3250
2012,WISH,3050
2013,WISH,2510
2014,WISH,1894
2015,WISH,1329
2016,WISH,1239
2017,WISH,906
2018,WISH,11
2013,WRAITH,9
2014,WRAITH,7
2016,WRAITH,5
2018,WRAITH,4
2019,WRAITH,1
2020,WRAITH,1
2010,WRANGLER,9
2012,WRANGLER,21
2013,WRANGLER,20
2014,WRANGLER,48
2015,WRANGLER,54
2016,WRANGLER,24
2017,WRANGLER,27
2018,WRANGLER,27
2019,WRANGLER,53
2020,WRANGLER,25
2021,WRANGLER,4
2023,WR-V,4528
2014,WRX,2
2015,WRX,11
2019,WRX,22
2022,WRX,7
2010,X1,167
2011,X1,444
2012,X1,249
2013,X1,494
2014,X1,330
2015,X1,240
2016,X1,667
2017,X1,819
2018,X1,935
2019,X1,1422
2020,X1,622
2021,X1,956
2022,X1,842
2023,X1,5
2018,X2,77
2019,X2,44
2020,X2,2
2004,X3,106
2005,X3,83
2006,X3,15
2007,X3,110
2009,X3,5
2011,X3,83
2012,X3,189
2013,X3,254
2014,X3,338
2015,X3,249
2016,X3,270
2018,X3,845
2019,X3,1159
2020,X3,389
2021,X3,456
2022,X3,947
2023,X3,517
2014,X4,53
2015,X4,213
2016,X4,141
2017,X4,1
2019,X4,192
2020,X4,427
2021,X4,576
2022,X4,761
2023,X4,506
2002,X5,72
2003,X5,116
2004,X5,174
2005,X5,145
2006,X5,48
2007,X5,207
2008,X5,221
2010,X5,107
2011,X5,103
2012,X5,23
2013,X5,56
2014,X5,180
2015,X5,149
2016,X5,420
2017,X5,2093
2018,X5,2029
2019,X5,230
2020,X5,441
2021,X5,535
2022,X5,758
2023,X5,547
2020,X50,3559
2021,X50,26460
2022,X50,38751
2023,X50,21766
2008,X6,375
2009,X6,403
2010,X6,322
2011,X6,210
2012,X6,137
2013,X6,83
2014,X6,16
2015,X6,151
2016,X6,38
2017,X6,13
2018,X6,15
2019,X6,4
2020,X6,14
2021,X6,16
2022,X6,21
2023,X6,10
2019,X7,11
2020,X7,8
2021,X7,43
2022,X7,74
2023,X7,25
2018,X70,1736
2019,X70,23141
2020,X70,16518
2021,X70,12966
2022,X70,16226
2023,X70,4238
2023,X90,2919
2018,XC40,27
2019,XC40,461
2020,XC40,394
2021,XC40,548
2022,XC40,1146
2023,XC40,481
2011,XC60,215
2012,XC60,186
2013,XC60,105
2014,XC60,88
2015,XC60,164
2016,XC60,71
2017,XC60,104
2018,XC60,349
2019,XC60,474
2020,XC60,296
2021,XC60,491
2022,XC60,565
2023,XC60,401
2004,XC90,204
2005,XC90,133
2007,XC90,32
2010,XC90,84
2012,XC90,19
2015,XC90,40
2016,XC90,377
2017,XC90,340
2018,XC90,257
2019,XC90,354
2020,XC90,289
2021,XC90,387
2022,XC90,413
2023,XC90,219
2015,XE,13
2018,XE,3
2020,XE,6
2008,XF,94
2010,XF,65
2011,XF,25
2012,XF,38
2013,XF,81
2014,XF,132
2015,XF,17
2016,XF,30
2017,XF,1
2018,XF,3
2020,XF,8
2010,XJ,35
2011,XJ,60
2013,XJ,46
2015,XJ,3
1995,XJ6,22
1996,XJ6,11
2004,XJ6,14
2005,XJ6,4
2006,XJ6,16
2008,XJ6,17
2004,XKR,2
2023,XM,6
2020,XPANDER,1186
2021,XPANDER,7506
2022,XPANDER,13657
2023,XPANDER,8742
2003,X-TRAIL,1816
2004,X-TRAIL,2675
2005,X-TRAIL,2550
2006,X-TRAIL,1476
2007,X-TRAIL,1110
2008,X-TRAIL,841
2009,X-TRAIL,601
2010,X-TRAIL,857
2011,X-TRAIL,357
2012,X-TRAIL,322
2013,X-TRAIL,313
2014,X-TRAIL,25
2015,X-TRAIL,6902
2016,X-TRAIL,7234
2017,X-TRAIL,5464
2018,X-TRAIL,4319
2019,X-TRAIL,3446
2020,X-TRAIL,1465
2021,X-TRAIL,1259
2022,X-TRAIL,1063
2023,X-TRAIL,363
2001,X-TYPE,18
2005,X-TYPE,10
2014,XV,1
2015,XV,54
2016,XV,1304
2017,XV,101
2018,XV,2536
2019,XV,1922
2020,XV,862
2021,XV,506
2022,XV,2005
2023,XV,357
2006,YARIS,633
2007,YARIS,177
2019,YARIS,11436
2020,YARIS,12708
2021,YARIS,13830
2022,YARIS,13465
2023,YARIS,9377
1997,Z3,27
2000,Z3,38
2003,Z4,72
2004,Z4,103
2005,Z4,39
2007,Z4,35
2008,Z4,6
2009,Z4,111
2010,Z4,128
2011,Z4,54
2012,Z4,47
2014,Z4,7
2016,Z4,14
2017,Z4,2
2019,Z4,44
2020,Z4,16
2021,Z4,3
2022,Z4,8
2023,Z4,1
2001,ZAFIRA,95
